Python,Rust Implementation
0.44457720769424497,
0.006488531521586049,
