Python,Rust Implementation
0.44457720769424497,0.4890586
0.006488531521586049,3815.6975
